b7f16999-b812-4462-b854-bcea37e7597c,abc1@contoso.com
db590ba5-7376-4c4c-8c14-cb271716f037,abc2@contoso.com
38c5650b-1161-46cb-8d14-e1f843888458,abc3@contoso.com
1e19d20e-4a80-409a-85f5-d108f5fee2f5,abc4@contoso.com
71c2ef4d-1330-4184-b6fe-adcbba0f0f55,abc5@contoso.com
dd81d08e-c050-473a-83ef-64f8d18aa272,abc6@contoso.com
f0967918-c59c-4cf0-b350-879832f13b89,abc7@contoso.com
7d9ac31b-0da6-480c-9a40-69f48fca97c5,abc8@contoso.com
74abe3d0-d2c4-4965-890b-3d1fa5d0f79d,abc9@contoso.com
0d0a48db-2f72-4fc9-bb49-21e130b837ee,abc10@contoso.com
c8e145a5-a25f-41b5-99bd-357c87e0a014,abc11@contoso.com
60e0822e-eb44-4807-ad6b-0f0c7d832576,abc12@contoso.com
318198c9-4001-4091-815a-a986294a6f8c,abc13@contoso.com
6fce6ab8-7c26-40b7-84d1-9c72dc0a53a9,abc14@contoso.com
63cde471-7103-4903-b0f9-a64e13faa25b,abc15@contoso.com
e2ed2e85-336f-48cf-b02e-ecdc5df4a4ae,abc16@contoso.com
c02af51f-0751-4355-8f2a-84d446d20e8d,abc17@contoso.com
32317d9c-c6e6-4b74-a8c8-ef68c9f30460,abc18@contoso.com
95252f97-4146-4f74-9967-62fd3f27c69e,abc19@contoso.com
0b8c0073-97cf-44be-9322-8d5c13f6f35f,abc20@contoso.com
e12ec7dc-9179-475b-892d-4cbcdee2b8f3,abc21@contoso.com
a03a6802-cc55-4fd5-84a6-73e5634f2489,abc22@contoso.com
219da3c3-7f0e-4e98-b462-38c996673817,abc23@contoso.com
6fef2823-2750-4bae-bb25-6e2cf092ed71,abc24@contoso.com
f2d36ec3-b23d-44fc-8f61-f87cc886a6f7,abc25@contoso.com
ce8b6267-eba4-4f6e-85aa-160974f7f168,abc26@contoso.com
c3c9ae56-4bde-4a13-a2fb-aa68d8af1908,abc27@contoso.com
3878173f-70c1-475f-a912-f372d3cc0b47,abc28@contoso.com
7b375df7-56d0-4be6-88a4-74a78746615c,abc29@contoso.com
d17446a6-f5e8-433b-ac4c-632259cc27f6,abc30@contoso.com
ecc82eaf-222f-4a33-9240-b8fbd22f0000,abc31@contoso.com
b4aa7f36-ee41-4088-a531-328ed944cb1d,abc32@contoso.com
b1189d54-2fb4-434a-bac7-22dc7509e2b9,abc33@contoso.com
ad5a5c82-a00f-4d08-838f-d2cd530d8d8c,abc34@contoso.com
7f177cd6-b8c5-4c21-8aa4-4311d5ff4188,abc35@contoso.com
dfb25867-22ed-49d7-9a53-c9163467ec43,abc36@contoso.com
225a9242-9bf3-4445-af2b-67fc1f7321df,abc37@contoso.com
38dadacd-4f4f-4c84-87a4-fcb87d92119f,abc38@contoso.com
374852a4-b894-4054-a92c-421382eadd6a,abc39@contoso.com
e7e76e18-f0da-4ccc-b084-5919662ad1d3,abc40@contoso.com
6b976ca9-1cbf-46d3-a642-f2aaaa9a7331,abc41@contoso.com
90eabc5b-6769-4cfb-8626-4c9d17207039,abc42@contoso.com
303f5df4-fe93-4b6f-9d9a-581f32265eb1,abc43@contoso.com
cb3017c7-698b-4c93-a6ec-574d5b43aaa1,abc44@contoso.com
b6d77b20-e686-45b4-9807-4b5817bbd9b3,abc45@contoso.com
7fc39fbc-984d-4fb3-9dec-36cd19024610,abc46@contoso.com
37b451bd-2d77-47d5-9e6f-b46e4ad65589,abc47@contoso.com
c87beffd-63d2-41ea-bc41-6a8b07f750de,abc48@contoso.com
e580b3d2-6b4c-4a69-8553-36d45e4ff478,abc49@contoso.com
3d34039f-7512-4761-b906-ea8f527674a1,abc50@contoso.com
3470befd-d6b6-4a09-9894-d1c71ddc81b7,abc51@contoso.com
987908dc-2328-44b0-9433-bde8fe62c4cb,abc52@contoso.com
369aa21b-1885-49f2-b722-0c3eb2c7d15c,abc53@contoso.com
f723555b-92d1-4dcd-9eb9-b5b8517645f6,abc54@contoso.com
80ef025c-44b4-46bf-9b9e-1cf091f19d98,abc55@contoso.com
58d395a8-9b4d-4cb6-9fb6-29466134efc7,abc56@contoso.com
acec6c7e-9ff6-4da6-ac61-106752fdf75f,abc57@contoso.com
39e497d1-ab61-4c43-b9b0-0279b26b293e,abc58@contoso.com
d652cf15-8ff4-42b0-87ea-99563aa8d02c,abc59@contoso.com
ea19e24e-0b38-43b5-b6d0-353a3fd8c02e,abc60@contoso.com
e0142341-8d1f-4e4e-bf82-26c2c62dd53a,abc61@contoso.com
f1d72743-819a-41df-a8f8-f67ca9c5ead5,abc62@contoso.com
44205155-1a79-482a-a10a-9fd8d8a247c9,abc63@contoso.com
45ddeaa6-4848-4a65-ac53-178e8f4d8187,abc64@contoso.com
e277dbb7-d14a-4e0f-9ae9-54ede5642ea8,abc65@contoso.com
08659d9a-634f-4b77-8aa9-feeb83f72af4,abc66@contoso.com
30eacae9-6f7b-43e4-a26b-ae220eb32637,abc67@contoso.com
1670bdcd-2b39-438a-941c-6644f549130c,abc68@contoso.com
9bc7925d-4ef4-456e-8dc2-c8ba632f088e,abc69@contoso.com
71fefc4f-d1a5-41f7-aca9-29786cb92e4a,abc70@contoso.com
976013a8-b852-4d09-b733-e633429b12f6,abc71@contoso.com
bb858e4f-45ae-47e9-960f-a36eca1582e9,abc72@contoso.com
706a162e-7993-431e-8b36-a216958fda2d,abc73@contoso.com
1651131f-2cee-45a9-88eb-667588de1d17,abc74@contoso.com
9444c3d3-a554-4ad4-92ae-11c9e0aa80f4,abc75@contoso.com
d0a311ae-2c77-4aec-9d98-cb96872b5902,abc76@contoso.com
a9d6fcdc-fa6d-42bd-9d89-2335d3b85118,abc77@contoso.com
1bbafcd0-9d53-4193-adbe-984322cb9ec9,abc78@contoso.com
29f65c2f-1d55-47db-9093-39588e92e715,abc79@contoso.com
0cc9cf9d-281c-465f-a77a-39baac2099f8,abc80@contoso.com
b0312658-ded1-42a3-a1ae-686e97df0e40,abc81@contoso.com
499d3432-746b-4c93-8ff0-936671c80e8b,abc82@contoso.com
95c22336-c8f1-473d-b584-c25b439745c0,abc83@contoso.com
e16017e6-30c9-49f4-9ea2-d3a5f1802c58,abc84@contoso.com
43dc54c0-2c8d-431f-a9ff-baa251e58dfc,abc85@contoso.com
5344db79-9ed5-4c9a-8d8a-47e62bab6e35,abc86@contoso.com
e159ad6f-b3e1-4e98-a9b9-778d34505b44,abc87@contoso.com
c10c5896-7d73-470a-91b3-0e821552c7c9,abc88@contoso.com
3f6e571d-a01f-4bab-953e-1553eaa97cd0,abc89@contoso.com
4a09777c-c897-47fd-89ac-e6844c05d5c9,abc90@contoso.com
af5f5ac2-1d16-4e5a-9c6b-30f99c66ee47,abc91@contoso.com
0d00614e-f703-4979-9739-5086e677d3a8,abc92@contoso.com
c7faddbe-70e7-4310-8f9f-e1135610487e,abc93@contoso.com
11c02727-0a47-47ad-80d3-7ab1d65e8a7f,abc94@contoso.com
a141d43d-65e8-4a71-a4b4-719c7dbe6ad7,abc95@contoso.com
41871fe9-5c3b-4f00-90d2-573ab6268c21,abc96@contoso.com
70115e1f-beac-436f-9c9b-10f905c33e34,abc97@contoso.com
f931f6e1-50ac-4b9d-9296-0e378e885054,abc98@contoso.com
ddbb37fd-5b21-4f67-9a42-0dc4ef8c8fd2,abc99@contoso.com
03bcecf2-5bbd-4567-8a39-2e6acc23be23,abc100@contoso.com
cb6f2901-53d7-41d4-ac1f-9cc1d2a38580,abc101@contoso.com
38321ada-2f33-4599-9d89-79e110cc52a3,abc102@contoso.com
aff7d4ef-b430-420e-995d-3c8abde861fc,abc103@contoso.com
92ab8ed2-0465-412d-8e6d-340281b82a22,abc104@contoso.com
b4bbb2c7-1a7c-4b7b-9f1e-eaaafe8b7719,abc105@contoso.com
aac6d642-6baa-4e1f-a664-de55f98ceb63,abc106@contoso.com
6d1c1f5c-f4dd-486f-abe6-98d6c2af1f69,abc107@contoso.com
86ea0b10-2e91-4f48-8351-6aff3c9394ea,abc108@contoso.com
4bd02e68-7048-4a79-b2e1-43abbc3bf50f,abc109@contoso.com
e3ea29a3-9467-49de-b6ca-cecf6a38b284,abc110@contoso.com
5805b74f-5f7b-46cd-9187-bf921d16a98c,abc111@contoso.com
d4fe6d7b-6192-49bd-bb32-4ca543a601a8,abc112@contoso.com
1e435a57-ce19-41c7-9afc-b05c330fda43,abc113@contoso.com
fc3dc92f-5eb3-473a-9140-0cec78df6432,abc114@contoso.com
d4f3a8c4-b70f-4292-b44b-b2f54e84180c,abc115@contoso.com
5fd40cdb-4061-48ed-bbd6-5faf40a7d3ab,abc116@contoso.com
c3d4bcd7-0bc7-4d58-8145-d4c0fa0df9df,abc117@contoso.com
7bb85e8d-eae3-40af-8c11-c090822eaee3,abc118@contoso.com
b857abdc-55f3-4ed6-a2de-218820859805,abc119@contoso.com
60428786-c0c8-4809-912e-9f7bfd92ca07,abc120@contoso.com
2ad78c42-be75-4da0-93cb-721b4f57bf94,abc121@contoso.com
a1f4a8b6-e4e3-45d6-8e12-9aa2f55c45f1,abc122@contoso.com
5f64d6f9-fe14-4a8d-867a-6827e0ef3ee0,abc123@contoso.com
b7ba806b-be4c-4dde-b50f-f1da5be5f1dc,abc124@contoso.com
68530819-3808-4a0f-ad21-304721d65ddf,abc125@contoso.com
d819ee29-9533-4479-8138-37bf7ffb769d,abc126@contoso.com
da8d0267-3674-4ffd-8f69-d42b4ec9c97f,abc127@contoso.com
bc84ae65-eb05-497b-a5d8-de0ccd059696,abc128@contoso.com
2ee7f1ed-ecee-4f13-838a-5a9f10d7a0d4,abc129@contoso.com
fe06c4de-a6cb-454d-9b66-396b35c2beef,abc130@contoso.com
d0f94c53-7bb7-4b43-ac33-a767b0bb7136,abc131@contoso.com
0706382e-4e81-4aca-91fc-ad3cb1ef1530,abc132@contoso.com
16768335-3adb-4b09-b027-330402446ccc,abc133@contoso.com
0bcc7d5f-5fe6-4402-a683-7b794411d357,abc134@contoso.com
cbf7d386-3991-439f-8c0b-5d5c225976a9,abc135@contoso.com
d38d5841-ddf3-4963-8608-1e82046fcb7b,abc136@contoso.com
fd57b542-95da-40a5-89e5-3fbe31702b8d,abc137@contoso.com
37f8c618-1b05-4ae7-8f63-309c098d5884,abc138@contoso.com
f6ac7b2b-7a8d-4858-84bd-abee52ffacc1,abc139@contoso.com
1dd75765-d3ae-482a-a241-e4dfb954968c,abc140@contoso.com
2919d52d-1280-4f28-88c2-7517c7d3c0e2,abc141@contoso.com
d4cd5bc8-92d1-493d-ad5d-650a7f86841f,abc142@contoso.com
da817455-1f8f-4dfc-88b7-797ec003f877,abc143@contoso.com
1f5e4d45-7324-43da-908a-a393d1ec4597,abc144@contoso.com
851eaa02-4584-4098-8af4-ae7396335beb,abc145@contoso.com
afbea54b-b963-4bb8-9abc-eef3be04d69d,abc146@contoso.com
d35ac5a9-a642-447a-a77a-28957c0cf11f,abc147@contoso.com
6e2e607e-64c2-40dc-802d-615ae61646ba,abc148@contoso.com
4a062312-1790-4ec1-9c7a-3a34a4c58779,abc149@contoso.com
b7dffa2a-1ec2-436d-a015-8f174af6c96c,abc150@contoso.com
42d87aec-54c7-4bc7-89e5-27d11c7e199a,abc151@contoso.com
c37815f5-5fd0-4e9e-8e87-d8809f459cee,abc152@contoso.com
a9264d4b-5fd3-41d7-b0df-0c8af1bd6bb4,abc153@contoso.com
a2a11b96-690c-4bdb-8348-5f06f4e3544c,abc154@contoso.com
2b94bf45-44e5-4c37-9a3c-af16795a9ff2,abc155@contoso.com
b8595244-57f3-41ad-922a-ce25c55684ed,abc156@contoso.com
1ed3e715-0e4a-4fd3-87a9-6ae8c44cb521,abc157@contoso.com
1486789c-f350-494e-a874-600a10c4389f,abc158@contoso.com
45dc81e8-4d43-4a40-a015-e7422c3fc26f,abc159@contoso.com
684caa0f-51b0-40b4-b348-25197c1355c2,abc160@contoso.com
b11e6c10-db2b-4244-9fbb-d9d139ed5d90,abc161@contoso.com
eb9ce80a-cb37-4836-abf7-a6d7cf8382ba,abc162@contoso.com
3183829b-436e-4ba5-ae77-cd9193dab597,abc163@contoso.com
5c6e7664-073b-4a59-95d7-8c23abd98ba6,abc164@contoso.com
eaeb796e-b12d-4c56-85b3-31607f71ef05,abc165@contoso.com
f1f7ba1c-2cc3-4eb4-b4b1-966af096ca98,abc166@contoso.com
5efef5ba-2395-402d-894b-ffca2c59cd9e,abc167@contoso.com
6935db9d-caf1-49e5-91bb-b1faf1483e23,abc168@contoso.com
0d39e4d8-1e13-40cd-8e7f-8cd622c3caaf,abc169@contoso.com
9fdbd589-6c04-48a1-8e10-885665007566,abc170@contoso.com
a6da1b5a-4395-4a2c-891d-40384d32778b,abc171@contoso.com
b2ad9e19-fb89-40bb-93ef-5060f1bee469,abc172@contoso.com
7474feb8-9fea-46c8-82cb-f4fd60b7162d,abc173@contoso.com
43e08c6c-23a2-4a1b-90f7-4e2a697252c4,abc174@contoso.com
9b19f9f0-ebf1-448d-b64c-3f11ea1e1c97,abc175@contoso.com
eaed0adc-f79e-4026-a0a6-f0c6804c0434,abc176@contoso.com
deb51fd5-db37-4bba-b95a-86406a8e77e2,abc177@contoso.com
ddef39ae-085a-4aa5-89ae-6fae343f5f52,abc178@contoso.com
5f951ce4-8291-49bc-84ad-a8c74dfd9282,abc179@contoso.com
0569e6c3-6844-4b5b-964f-2eab0e3447b9,abc180@contoso.com
269e4916-605b-4e59-8ba2-9fd28cde3a45,abc181@contoso.com
4a5ea1a4-c1a3-459c-ada3-26bfa1942c0f,abc182@contoso.com
91fbf78c-584b-44ea-963e-31421d1e3de1,abc183@contoso.com
06ffb449-38d1-496c-9c34-a6a92f1d6926,abc184@contoso.com
fbc65027-5e91-4034-a612-4f705880c9c2,abc185@contoso.com
7bfa1c32-2e5d-413b-aeac-4e0f5e3db3eb,abc186@contoso.com
1c2f3f0a-97fc-421b-b695-3ce56a7d9b1e,abc187@contoso.com
ffea7e8f-1ee9-49ba-9f54-e88d73f1205b,abc188@contoso.com
86e668bf-6d77-42e2-9da5-61fa5be7187a,abc189@contoso.com
0f2b211e-a543-4734-b5e3-f71475e44415,abc190@contoso.com
fbbdb4c0-32ac-4e2e-acda-b9b89efd8bef,abc191@contoso.com
f2a54db8-2730-4a41-a50d-e31ae0f9b548,abc192@contoso.com
a2de693f-3dac-4323-86c6-708208559247,abc193@contoso.com
02394880-5b9d-456b-bb4c-625b0657bc75,abc194@contoso.com
986a68c1-c075-4c4d-b52d-c78508e50320,abc195@contoso.com
42059bf4-9fd8-4640-8c4b-3416318a6eb3,abc196@contoso.com
e7772705-87d0-440f-b217-3256b468e3c9,abc197@contoso.com
cf463bd5-224f-4bd5-a1ec-8d5ba28762dc,abc198@contoso.com
ad984b2b-5738-4ac7-a251-615a6e918dce,abc199@contoso.com
49b87af8-c482-489e-9438-74cfc969c5e1,abc200@contoso.com
284a5656-b5ea-454b-9ded-d5dc4da8b9b6,abc201@contoso.com
7d9c4cec-8488-4c51-9354-52d4876a7c94,abc202@contoso.com
20710f30-f26d-41c7-a821-1b22f13f79e5,abc203@contoso.com
b7a81fba-63a1-4f85-84c6-c6070b0a5b71,abc204@contoso.com
755d36cb-4ab6-487d-8d38-bd01c3c4cb81,abc205@contoso.com
86eff010-5127-4350-bec4-3adc4cafc2ba,abc206@contoso.com
e0ee6847-7908-49cc-b9d9-cabf588da5e9,abc207@contoso.com
ab99f4e5-aaec-4e8b-a25e-d7232b661485,abc208@contoso.com
bf562bc0-578e-4e08-8b03-37330a6727ef,abc209@contoso.com
87c97af4-6339-4b1b-bbd8-b8ab239935fe,abc210@contoso.com
43748214-2365-4be2-ac8b-8921156a0bd9,abc211@contoso.com
f50cdc69-9de6-4a6f-9dc3-ee7c9f4de0a7,abc212@contoso.com
277f5d75-9e8f-4384-bec7-212166a93d9d,abc213@contoso.com
89dc755a-904f-4524-94ec-c29e47b88876,abc214@contoso.com
5b1d7cda-4e4b-4615-93d2-a07cca806510,abc215@contoso.com
7d2732f0-16bd-4591-91c3-7cd1f605f69e,abc216@contoso.com
df6ddad1-473e-46aa-ac9e-1e6eb6222a5b,abc217@contoso.com
d98e21a6-d41a-42ab-a6e0-5780c15cf1c0,abc218@contoso.com
d27faea0-60ee-46d4-ad2a-ccfc4119a58a,abc219@contoso.com
730337ab-d8f5-4558-bb5b-a8e770b8e714,abc220@contoso.com
cea9725e-3ab0-4589-a4e0-c2cb4754e167,abc221@contoso.com
0ba19c37-bdbd-4f42-a9a3-ceca39acb04b,abc222@contoso.com
4f7a5953-18be-41c5-a5a3-787635194add,abc223@contoso.com
35ffc778-d5be-4d9b-9c07-5a55717b0461,abc224@contoso.com
d21bcd4d-9daf-4ee5-8521-3498f4f57f3b,abc225@contoso.com
7f2851e2-f2e1-4c85-9e82-719bf5236246,abc226@contoso.com
ac319ceb-ce5f-4432-94f6-f411716a4cfb,abc227@contoso.com
990bc574-8ea1-4f3e-9105-57e72226f5c5,abc228@contoso.com
2d54a84b-8221-41bf-ada2-601de73d9941,abc229@contoso.com
b4ec36ea-d153-4c8d-a600-00c045342c81,abc230@contoso.com
be1ffaa8-1ae6-4a7a-889a-d8300c536dbe,abc231@contoso.com
fd732e55-f433-4680-ae84-96e8c78ccf47,abc232@contoso.com
3e8e34d2-cb0d-4d46-ad93-e8b0f6c523ee,abc233@contoso.com
27ee1a0e-0525-40f3-98a1-765bfe7c8699,abc234@contoso.com
b80ba7ac-27f8-4464-a1b8-c8cc38c902a0,abc235@contoso.com
c79616f8-a8cc-4725-937e-c8477cb0ac5c,abc236@contoso.com
177be6b5-4509-4568-861d-61736dd974ee,abc237@contoso.com
a450c0b5-bb97-4cb2-8e3d-7be0f752e6f8,abc238@contoso.com
791cffd3-4ca2-46c3-8a20-15222b5265f3,abc239@contoso.com
7ad07efa-825f-4dde-bd61-fe65c46f610e,abc240@contoso.com
59022bd8-b567-4085-8216-6fc760352b81,abc241@contoso.com
b1fdca51-8111-46c4-bf86-c1fe9ea33575,abc242@contoso.com
bbdca3a2-1294-400f-9bd4-ed5f1fcaccc8,abc243@contoso.com
14aaf99c-c864-477f-aa06-dcdaffe195da,abc244@contoso.com
4509943a-7ee8-4cdb-938b-589be11698c9,abc245@contoso.com
3b3f6646-a371-423f-8e8d-c63af9ee08eb,abc246@contoso.com
9a401253-d008-4bd9-a9ea-066d72fba90c,abc247@contoso.com
2a4aaffa-4ef9-4290-8ce5-aa4fd1886637,abc248@contoso.com
db29a862-fb15-4d6d-9be8-d9b976a2ee19,abc249@contoso.com
7a790739-60c2-4c78-ae65-4e922e8e82a7,abc250@contoso.com
3d5cc743-c8b2-444a-88ca-c82ab21a2949,abc251@contoso.com
99492ccd-a9fa-4b43-8cf5-f182883895c3,abc252@contoso.com
327e64c3-0462-447d-8523-1a5fe5c70831,abc253@contoso.com
7e387c2d-2db9-4b9a-9af3-1ab6aa83c7ff,abc254@contoso.com
36c27cfc-87d3-4529-b57b-95ef955867c3,abc255@contoso.com
753193b7-970e-4d0d-9170-fb96b4a033b1,abc256@contoso.com
435bf9d7-ae3a-4054-bbc4-6074ca9218cb,abc257@contoso.com
005b8135-f489-45e1-851c-b9770faa2675,abc258@contoso.com
9b0ffeb8-4c20-45db-95bb-0757f975bde7,abc259@contoso.com
76d98230-eedd-4aef-bfae-8d61fbe03eaf,abc260@contoso.com
5674a7aa-b213-4d10-b7f6-17a19a4b7a13,abc261@contoso.com
db3ff5a1-5299-4ca7-a6be-ca76d6c1ff01,abc262@contoso.com
ad0060f1-fa73-4ce3-a01c-7929923369b1,abc263@contoso.com
4f61b1ad-6891-4ab0-8949-3619e44d0242,abc264@contoso.com
497f8798-fb23-4a71-b445-10c1fd4895c2,abc265@contoso.com
b8b510ff-3a05-4d72-b153-de3a36bedf87,abc266@contoso.com
ee6f67ad-d5fb-48a1-988d-1d05a1dc3219,abc267@contoso.com
110bbc81-b4d9-4efc-8a19-b960d78b4790,abc268@contoso.com
c937ae8c-b2ac-4807-936a-f7f5261ac1a6,abc269@contoso.com
03bdb57e-c8d9-43c8-ae3d-45416c6c2fc6,abc270@contoso.com
162734c1-715c-4225-9c1c-ca742e6a1a4e,abc271@contoso.com
7db55fa1-7d78-4992-8675-0e537ee8c316,abc272@contoso.com
5ba6c5a8-897f-4acf-be89-704bdd54fcd4,abc273@contoso.com
c31c35f5-97c0-4842-a179-275d32c2e058,abc274@contoso.com
123a96e3-1392-4a91-8dd9-c2a6e4db1e71,abc275@contoso.com
a1d0a7a3-9580-40cb-8c3c-0a98fea802a7,abc276@contoso.com
3a88ab24-814f-4476-bfce-d197806b7bf7,abc277@contoso.com
27e8cebd-2dd9-4a69-b453-52a5f3bc358a,abc278@contoso.com
bc820802-af01-490e-8344-00e861e3804c,abc279@contoso.com
21c05ff9-691e-47ae-ae2f-1ce63bed3373,abc280@contoso.com
876217c2-d963-4116-bfa2-0c8d76795a5f,abc281@contoso.com
6cb415f1-5c2a-4f03-961e-1e107d25ca27,abc282@contoso.com
95043465-006a-4a75-bdc3-c238058abf7b,abc283@contoso.com
c802929f-b533-4a65-af07-2937a48452dd,abc284@contoso.com
0200d74c-b1b8-42d2-8143-4160646e9e62,abc285@contoso.com
f1cdf56a-998b-4827-ab0b-817191350c79,abc286@contoso.com
a1b51e2f-73cb-411c-bb13-0ce7eaa3204d,abc287@contoso.com
37a1b120-7f71-4752-b95a-8f178e9cf12d,abc288@contoso.com
3edb80aa-ebf8-4c32-81bb-c8a1f526ff86,abc289@contoso.com
0e84520e-3257-4ce7-a7a8-dcb72d8451df,abc290@contoso.com
ca6d29d5-b9a7-4dcb-ad76-f80fe24ec0e8,abc291@contoso.com
fb1b601b-5bf6-4e70-a24c-a03190b2cebe,abc292@contoso.com
dff9651f-9acd-4901-8eba-14727ae1c621,abc293@contoso.com
9500db2a-e5d2-4c1b-a2c3-1401c77ed2e9,abc294@contoso.com
4ea540bd-bb43-470f-a0b4-8cf55613abae,abc295@contoso.com
b55f38bd-419d-460c-8933-c970f65326ae,abc296@contoso.com
f3449ed4-620b-4360-90c5-52216d6aec1f,abc297@contoso.com
b087566a-4db9-4e81-b52a-18be0fdf403b,abc298@contoso.com
433a7ef8-5d02-4f98-a258-4db3a3c9ed3d,abc299@contoso.com
42c4533b-b474-42d2-8394-237f71369a59,abc300@contoso.com
96c51f42-2dcb-4b76-9f5a-8e8be5b2b65d,abc301@contoso.com
d2cc4404-3ce2-4a3c-80cd-c7f59f2a61ad,abc302@contoso.com
8b77c78d-c102-4129-944d-7f766e851ad9,abc303@contoso.com
d2b150c2-69cb-4c6d-a391-534329cef58f,abc304@contoso.com
96006227-f712-4fb5-bb38-ec32946e273b,abc305@contoso.com
c1d452ea-73a7-40a1-8da3-997878c9a20f,abc306@contoso.com
5f769eff-aab3-489c-8c0a-7ed098a21525,abc307@contoso.com
eaaafee8-3946-404d-ab9c-2da7ee0b39d2,abc308@contoso.com
828005e7-0172-429f-8ea7-cc9404771e16,abc309@contoso.com
4453ac93-29b3-40fb-85c1-c138c4ab5dd8,abc310@contoso.com
17d49887-053d-4a7f-a4ff-de81b133e072,abc311@contoso.com
168c756c-3de3-46ba-85d5-2fbb843ee9b9,abc312@contoso.com
50d00791-c49a-4f42-a3d3-0842b8b99bb8,abc313@contoso.com
5fa49730-540a-4f0d-bacd-9cca9204856c,abc314@contoso.com
f11b0f3c-5b50-4057-ad78-cd671ba4fdfb,abc315@contoso.com
5622f11c-f4f9-4900-a472-fe4c98bf9593,abc316@contoso.com
16f3aa73-0248-4de1-b541-b2fa27c3cc91,abc317@contoso.com
181f1ec7-baf8-43e1-8217-4592e2264f8b,abc318@contoso.com
4c436582-19be-4dae-b7f9-7b25af68d920,abc319@contoso.com
e522f317-e639-434c-b973-c9cebfeba931,abc320@contoso.com
2ecb9c3b-a466-4b17-8b94-9ee70d304775,abc321@contoso.com
79f448c1-80ca-493c-8375-e17fe4d1ecda,abc322@contoso.com
e4884799-2c41-4ca2-a63b-d977f075e279,abc323@contoso.com
8ce959c0-46f9-42fb-bb54-7973cee66c85,abc324@contoso.com
665948b4-8a39-47ba-ac35-41a2eee12049,abc325@contoso.com
17647618-4aa4-44d0-97d0-466c3de9fe12,abc326@contoso.com
ee8f3050-dde3-46e5-b2be-2adf8c648e7f,abc327@contoso.com
503bc798-1066-4c84-a4a2-3d74c7b9a198,abc328@contoso.com
229366cb-7855-4551-9c12-abf30a975694,abc329@contoso.com
30a27387-6f2d-49da-bb0b-8aa861657f34,abc330@contoso.com
e05ae1a4-3b8e-490f-a4dc-03bc97083a23,abc331@contoso.com
14e67826-af86-463d-a406-31287636c0af,abc332@contoso.com
9592a7a9-05ef-45c5-9123-50278c658a77,abc333@contoso.com
4661c644-d930-4233-a455-b12233c5e7d0,abc334@contoso.com
ea323ba0-d1f3-4e62-aaf5-f230c68f672a,abc335@contoso.com
dd535e83-b25a-4eed-ae2c-925650e6b838,abc336@contoso.com
786bd18b-3ac1-4a7d-b72c-662990523f52,abc337@contoso.com
689a2570-429b-4814-bf04-da234f2a058f,abc338@contoso.com
163c9a38-24fe-49de-b150-bb251f7952cc,abc339@contoso.com
35b65178-0a71-47b8-9598-91ed14aeed81,abc340@contoso.com
4165faa0-7eee-40f9-8f89-6bffde49127d,abc341@contoso.com
5ac56d04-2162-45b4-b455-89a74d7c5753,abc342@contoso.com
9c3cb5c4-0f66-4275-8431-9865a93a138b,abc343@contoso.com
a30dea43-83bf-4598-8660-85680361e6f3,abc344@contoso.com
cbe92002-c4a3-47f3-9baf-8160dda9e634,abc345@contoso.com
b80ecd6f-415f-49a9-87f2-832e932b6f46,abc346@contoso.com
1b1bc896-af75-48f1-a9fb-f23d54ef149c,abc347@contoso.com
43491132-7360-4b4a-b260-aad98cf7c44a,abc348@contoso.com
69d1b22b-7027-40e9-8daa-c27e5d451e98,abc349@contoso.com
6672863a-8f1e-4841-98e9-306f0c20018c,abc350@contoso.com
e31a253d-da73-41d0-afeb-92521799cdef,abc351@contoso.com
2736a6b8-6889-4d7f-ab97-96b4f6d25077,abc352@contoso.com
26c00ded-2c07-4d48-8bad-71a72caaeeb3,abc353@contoso.com
dc0c089b-c35f-439d-a279-c7ba5ccb4dc1,abc354@contoso.com
80cf2a89-67e9-4852-9c35-115e5377731f,abc355@contoso.com
924785cf-7f8b-442a-ad6f-620a42bc8f04,abc356@contoso.com
25e2e0ef-7bef-438a-a61a-40cac07f79fc,abc357@contoso.com
5dd0d3dd-9faa-4006-a3b8-de13883542a7,abc358@contoso.com
135ba06d-fbdc-49ec-82e3-736c2e4fa3df,abc359@contoso.com
e2028cfe-4dfc-4be3-abad-5c53b3af96bc,abc360@contoso.com
79f59946-c7b0-476e-9991-5a6176422695,abc361@contoso.com
5d7fede8-2ec7-463e-ad97-d65730d71b07,abc362@contoso.com
3be7efa0-6d4f-4898-bafd-e2acce6185ef,abc363@contoso.com
4091017a-1ff4-48b7-b859-1d9ff70cbdd0,abc364@contoso.com
f0936c19-2db1-4a58-b2db-ca5ddc02b01c,abc365@contoso.com
c9594761-853a-438b-beed-b3ad9afc0ddb,abc366@contoso.com
d2d56b85-5e2b-4de3-b085-7881e3b0c445,abc367@contoso.com
47944480-6e04-4c10-9ea9-5eab489c4c8b,abc368@contoso.com
1555d1cb-dfee-4ba1-9649-5d5d21a43f2b,abc369@contoso.com
b1188e51-befb-4605-b1e0-aa03d52b2ac2,abc370@contoso.com
06a73d0d-c4c3-4d67-98cd-746185e852d0,abc371@contoso.com
dc85d98f-1e81-4e95-be2c-32ed660f087c,abc372@contoso.com
aae315d7-36e2-4fa8-96a3-af5693eb5ac9,abc373@contoso.com
a17a01d2-09e0-48e3-bca8-97726f8d7bd9,abc374@contoso.com
185b0fb7-3f4b-4657-ae90-bbad3d623a3a,abc375@contoso.com
810a6aeb-0875-49bf-a42d-6ad8e17b4b60,abc376@contoso.com
2a8b5ff7-976b-4c27-b63b-1594cf13bc72,abc377@contoso.com
de09c694-b882-43f3-8a89-ea3a9dc331b4,abc378@contoso.com
fdfeee9d-c82e-427d-a96e-0c1e3b79a683,abc379@contoso.com
28b83390-92d0-4fed-bfc0-1e946fced6e4,abc380@contoso.com
530a4cda-1ed9-46ff-980a-d20e9d24770b,abc381@contoso.com
d3cea3b4-9764-4550-a688-b439833ca0e1,abc382@contoso.com
8008928b-810c-4894-a487-dee1b4fef423,abc383@contoso.com
ffb9d230-315b-4639-9f17-75b86a97fce6,abc384@contoso.com
a5180cc6-8710-4b70-b3d4-7809f27bfca5,abc385@contoso.com
95116a27-780f-4d99-ab1f-cd0506c89762,abc386@contoso.com
f0e691f2-ff66-4a0d-a427-2c6dcecdcb40,abc387@contoso.com
59979e5f-774f-4132-ae97-03022f279eb0,abc388@contoso.com
2c8eb9b9-eae6-47b0-9889-ad4450626553,abc389@contoso.com
d6cdb65f-ab16-4c24-ae1c-11befd615576,abc390@contoso.com
e3b2eb90-53c4-469e-b4dc-3f04aae42b59,abc391@contoso.com
1dabfab6-6c64-47ec-87ef-0fd55e731173,abc392@contoso.com
d7e47cbe-088e-4862-8b2f-b2e7c15ad9ea,abc393@contoso.com
040be70c-19e7-4f25-aac9-ac20d9e5d2ca,abc394@contoso.com
118a23d6-82dd-4a88-95a1-19356b0c20d6,abc395@contoso.com
17bf2abc-20af-4de6-b8a8-ada79700fab9,abc396@contoso.com
173c5842-9a04-414e-8ba0-8b2b59c7716d,abc397@contoso.com
3a8c8496-8664-43b0-89f5-bbb3b2ec9da4,abc398@contoso.com
cce8672b-cc7c-4a95-8455-7aed481cf943,abc399@contoso.com
c92c684f-2964-4edc-88aa-25eb269d3e89,abc400@contoso.com
92a5abc1-2fb6-4ba6-99bc-378b1faec773,abc401@contoso.com
ca42c0c9-e8f4-45d7-9e52-9a0a71e49568,abc402@contoso.com
0722dad4-35f0-4e0f-bbb0-20c6abf2918c,abc403@contoso.com
5bfc6822-3096-416c-a48d-eb9e05da1603,abc404@contoso.com
6999b36d-ae4f-48d3-a87d-29c5881e61b0,abc405@contoso.com
73dd797a-0fa3-4993-b766-12bce0dd11bd,abc406@contoso.com
21ea4fff-cc22-4751-98bd-b587c40c6eff,abc407@contoso.com
16a11de6-90e3-40aa-9b6c-99e5b1a2e251,abc408@contoso.com
26ef69c3-bc86-4232-a811-8524a8039212,abc409@contoso.com
18a6745c-da8d-40e7-8d90-8bf668d3b862,abc410@contoso.com
1fe7efd6-c624-4c0c-9ed8-7afd147a3406,abc411@contoso.com
f86fa3fc-8aba-4e72-9146-aa0b850e363c,abc412@contoso.com
fd04c0e0-e5ea-407f-b6b3-4a2a200546bb,abc413@contoso.com
bf6af1e4-b563-441f-846c-4625134a8448,abc414@contoso.com
b7eb310c-e45f-4bc9-8873-c0109f92fee6,abc415@contoso.com
2185aad5-8c35-4119-a20a-566499d84bb3,abc416@contoso.com
c0874771-cc7a-4773-891d-3708e0309812,abc417@contoso.com
7b02ca1b-65d8-4f6e-ba19-c80684951093,abc418@contoso.com
5ace0a81-262c-468c-9a4d-1a1784ec4a36,abc419@contoso.com
5c5a94b0-a196-494f-98e1-6f1b7ddf207c,abc420@contoso.com
13725c43-df2e-44be-96b6-d8a0cf8c594d,abc421@contoso.com
3137385f-a5cc-46f4-acdf-b85a41daea8b,abc422@contoso.com
079cf612-3e55-4aba-ac8b-fb2d27a08798,abc423@contoso.com
96c11dc6-4d4a-47cc-abe5-2447d6859b50,abc424@contoso.com
adb89a4c-fee9-48d2-9ab9-76cadbe978dd,abc425@contoso.com
2c5180c3-8641-496e-ba67-cba53993c29e,abc426@contoso.com
666c210b-7819-4b43-822b-9e2434ac7914,abc427@contoso.com
a92dadbe-aace-484c-a8d0-db0072c1b096,abc428@contoso.com
b5f3e23b-f4f6-463f-9444-913a33202fec,abc429@contoso.com
cb429af9-861f-41fb-b851-2d418e9005e2,abc430@contoso.com
02a93401-f56e-43e4-8277-0d3e028468e2,abc431@contoso.com
de153906-20f8-496e-a1c2-f00f268542c9,abc432@contoso.com
a139b544-1fb9-4fc3-a10d-07e071842e2d,abc433@contoso.com
8b387f07-2fb4-48ed-a67a-7ca123ae1832,abc434@contoso.com
cb549a00-b74b-4737-a3fb-329cab68021c,abc435@contoso.com
e7ddcf34-cb23-43b9-ad42-bcb888dc79f7,abc436@contoso.com
40dfa15e-4633-4e1d-b7c8-c7cfa1f2229b,abc437@contoso.com
906e35b6-6374-4d64-97ed-cab9b897410d,abc438@contoso.com
63c52184-1996-4b71-bf26-604cb5901973,abc439@contoso.com
77bbff70-07af-46a6-87ef-0293e5f8aee7,abc440@contoso.com
f32c21b4-6b40-4e02-8fa1-3b958f5e51dd,abc441@contoso.com
0bf4e86e-efdf-4f7b-bb78-695205dd3825,abc442@contoso.com
e977000c-ae59-498a-95de-48f553ab5560,abc443@contoso.com
2706b25e-fa98-49bf-9019-2279f7cc36a9,abc444@contoso.com
4fa810a3-7301-4615-8b70-036be87c8a70,abc445@contoso.com
e1ee385b-e811-4561-b36f-890e8834050e,abc446@contoso.com
fbf64a40-4b61-41ea-ab66-8d1ad938eb88,abc447@contoso.com
569c9fdf-eebf-4084-b6f1-e5cd704ba76a,abc448@contoso.com
56b1b3c0-1f04-42c4-ab6c-9f5fabf7177d,abc449@contoso.com
c42bc569-cfff-4fc4-b5ee-1fa0842a1ba8,abc450@contoso.com
2410d32d-1f1a-4ae6-9ae7-deebde936ee4,abc451@contoso.com
432c0271-b851-4641-851e-dfa85fcb7869,abc452@contoso.com
e0a6ab9f-460f-4489-a637-662799e81139,abc453@contoso.com
9152520d-cceb-4f56-a854-da365cd35d53,abc454@contoso.com
c423a0f3-a289-433a-8ca3-5b09df07995e,abc455@contoso.com
459251f7-65f1-4b71-9eeb-f0597cc9a21b,abc456@contoso.com
6d99b166-ed3b-46d4-97ec-fd3625a8a1b5,abc457@contoso.com
43d9b6e9-bd41-4935-9d5e-d71ccf09a7df,abc458@contoso.com
633d00c3-1c6b-4a1c-97e7-872874585a92,abc459@contoso.com
279c051e-fe7b-41ce-be32-8a161e45a370,abc460@contoso.com
4e7989ea-809a-4533-8249-6ba32ddc594f,abc461@contoso.com
7adfa094-e61f-4d0c-b307-0658072873e2,abc462@contoso.com
0b95f8f2-8f3b-452f-a1ba-25eb95f6b5f7,abc463@contoso.com
560b201e-b951-4c7b-8e64-d2fa0c867447,abc464@contoso.com
08987cb2-4597-4ddc-968e-e050d4db5189,abc465@contoso.com
28508832-abb6-43ce-b980-98895b29fa06,abc466@contoso.com
0a00065c-4f28-46c1-adb9-eee3e0ac0afe,abc467@contoso.com
3fee80e3-9c6d-4ab6-84be-e726c9c9019c,abc468@contoso.com
de89bcd5-7354-4e55-8d15-c672afc74d7f,abc469@contoso.com
d6e50cdb-9b75-4185-b01b-9288ed6091c3,abc470@contoso.com
905c6e03-0d82-42a9-9d45-15f61c7b8195,abc471@contoso.com
8b277bcb-800e-41e3-9b6e-998b55e2796e,abc472@contoso.com
1e39d572-1ef7-43a7-a3fa-865e16eed955,abc473@contoso.com
6c251080-4e66-4910-b749-a02dc31c45f6,abc474@contoso.com
6e93e4b7-1558-40a2-a9fb-a503b2b456c6,abc475@contoso.com
6fb1b794-2a5e-4374-9e26-d54a8f83172e,abc476@contoso.com
29962827-a7a1-41e3-9203-0efa044a7c39,abc477@contoso.com
a31a43a9-c657-456a-94f7-e9a4200c07e7,abc478@contoso.com
67a0d13b-26db-4c8c-abac-6adb5bad33d2,abc479@contoso.com
7f6f86a5-7cd2-4d80-8b7f-1d4dfcb0a48d,abc480@contoso.com
0192b398-a717-4632-ae23-aaafa189ca4b,abc481@contoso.com
89ee5d35-5236-4ed3-913c-713a1df99be3,abc482@contoso.com
aca8d044-5a27-42eb-aa88-244e4ba61a07,abc483@contoso.com
495ced1f-0dd2-4a17-8d3d-06945f2bb739,abc484@contoso.com
19f7cd8a-3ff9-458a-ad24-efc98647fad7,abc485@contoso.com
1b40b311-7e84-4b67-826b-6111b0dc8cea,abc486@contoso.com
3fb27c25-ed83-4e95-bd28-ea6e2209cb17,abc487@contoso.com
18140c43-12f0-45e0-ab4c-7dede80245d6,abc488@contoso.com
df579da5-b12f-4530-954f-3c5979797bd8,abc489@contoso.com
eb0a5f0b-9bb9-41d7-ae56-11d59cc2c894,abc490@contoso.com
91a0ca64-2820-46fc-bdf1-0defe1c4c2de,abc491@contoso.com
49e25671-ce8c-421d-8dcb-c514b9a4f075,abc492@contoso.com
051fe0aa-d30c-4e89-9848-21003f409770,abc493@contoso.com
f1c5c6ba-0136-41b1-b0a6-f9671142047e,abc494@contoso.com
6e74baaf-b715-419b-87e4-8226b057136c,abc495@contoso.com
57d19de3-47ff-497d-a622-479a90310d04,abc496@contoso.com
432cae6d-1861-4bd3-a760-9a3854556dea,abc497@contoso.com
811d4453-274f-45b1-b15f-6da7bb8bd24f,abc498@contoso.com
84e4aba5-cfbb-4bd1-92f1-552a75a39eeb,abc499@contoso.com
8cae6e4f-9b88-4e3a-83c3-750f72f99180,abc500@contoso.com
8853887c-5592-44e9-a037-d47df974c93d,abc501@contoso.com
f0e36eec-a42f-4fb6-bbac-886a62804f37,abc502@contoso.com
afa56831-a79a-4d88-a96c-b32ed1b70c56,abc503@contoso.com
d539d8db-ac69-4056-a4b0-90e7c7409c55,abc504@contoso.com
3059c461-7000-449f-919b-de3e8739bbd2,abc505@contoso.com
3ac0fb99-26ac-4ef1-8546-25c63c6223b3,abc506@contoso.com
c3da7664-0a30-43e1-8c58-11c51b773fd4,abc507@contoso.com
cb9b28ef-e0f9-4437-b163-d5b786ec660f,abc508@contoso.com
26fb7c5c-7127-4fe6-b424-b2a4b6837b7a,abc509@contoso.com
e303ad08-0abe-4a74-aa99-99aeefb05ca1,abc510@contoso.com
03471f3b-d9f8-4cc9-aa5f-feb0374d5216,abc511@contoso.com
d083941d-093b-435e-a5f9-a4686baeb0cd,abc512@contoso.com
0f873ac7-7c15-4b52-8db1-87ced4cc6fad,abc513@contoso.com
3a108d49-f766-4a73-a811-4726c3f0bf2d,abc514@contoso.com
e71c2d70-e85f-43d3-b524-5c1f8faeb46a,abc515@contoso.com
b5ccdc9c-43cb-4e1d-82eb-b102431ad236,abc516@contoso.com
6b683de7-0c04-4099-a156-66dff5de0c25,abc517@contoso.com
c6004f5c-9943-4631-aca6-63d3c3fe0d86,abc518@contoso.com
707434ac-3d34-4224-af0b-790896472ae5,abc519@contoso.com
c6aa305e-9bd7-433d-8097-260e77484185,abc520@contoso.com
288e060d-768b-4289-a13f-f1cf7b3a763c,abc521@contoso.com
6cbcf501-5edf-4ab5-8546-e4cd8850c662,abc522@contoso.com
5374852d-aebb-47f5-802e-4d2d154161a2,abc523@contoso.com
fe080492-c914-4293-bdee-8dc4a9db2956,abc524@contoso.com
a7e0524f-d9f3-4a26-9eb6-b8414d9f0704,abc525@contoso.com
4c28e23e-9ac3-436c-a693-f9aa1cda1fe6,abc526@contoso.com
011b230a-49e7-4238-870f-24c62c1f6e62,abc527@contoso.com
ecc69d38-80a0-4f5f-9db6-f8af1b3f2136,abc528@contoso.com
fe572b65-9542-47fb-8f75-f901128b78d4,abc529@contoso.com
56f996a9-82eb-4ecf-ab2a-bd8c6a80f402,abc530@contoso.com
32f4e13e-72f1-4d69-8ca7-1e80baf246d2,abc531@contoso.com
e93d397e-6d71-4860-9dd9-61c9910377b3,abc532@contoso.com
65b73ed6-f6b3-474c-ba5b-9d84da0ec1cd,abc533@contoso.com
c58ee656-f19a-446d-b91a-4c4686886bf8,abc534@contoso.com
78018f8c-a9ac-4b37-acd8-4415d56f0802,abc535@contoso.com
4a184c1d-d617-4eab-93af-3f2c2cf7f2a3,abc536@contoso.com
74cd7869-5660-4f6d-ab49-0ee3f421c112,abc537@contoso.com
3df3ade1-4d55-4144-bedf-5905bb0d5e01,abc538@contoso.com
85009208-9808-430a-9af6-d348a55439f4,abc539@contoso.com
1196658d-d524-4f1b-8902-235b8f479cdf,abc540@contoso.com
b4844040-e0fc-4048-a1e2-e8e30ef8008b,abc541@contoso.com
473d1c51-ddda-4b80-9c67-49f89fc00369,abc542@contoso.com
456d5f0d-3241-42f3-8080-f46145c23eb8,abc543@contoso.com
961e61b7-569c-462c-a03f-85a6d61e998a,abc544@contoso.com
5103f609-c8e9-466c-a0e8-49c34e8ffae0,abc545@contoso.com
01e48610-c877-4435-853a-67d4b7ece0d9,abc546@contoso.com
bceb0ade-0c22-4502-9494-cce6e931ccd3,abc547@contoso.com
59acc071-3b02-4a95-b9a1-b55855921df0,abc548@contoso.com
ef07a554-0d5b-42e6-b062-5c8139e326e0,abc549@contoso.com
6ef9fb80-5d82-43b9-9c9a-bb122c526264,abc550@contoso.com
ded32b05-669e-402a-aea0-f521300b6e8c,abc551@contoso.com
eb9a1eb4-97a9-4e2e-b7f3-f556bd1af7d3,abc552@contoso.com
16443833-c5af-4b3f-9c98-ffdc510777d6,abc553@contoso.com
9e129332-ef1f-4748-bd99-b9c0dc9a11f2,abc554@contoso.com
b9fd2f5b-1b7c-4bd5-a9a0-a082372d3173,abc555@contoso.com
eedfa561-0eb5-4381-9cb7-b1c4e11a933d,abc556@contoso.com
f1500846-97b4-4c02-b4ac-acfaad9fde82,abc557@contoso.com
058994ef-ff7e-4bd2-84c7-51c879522455,abc558@contoso.com
f9a28d36-5b93-449c-84ef-960aead271b0,abc559@contoso.com
2c70a098-ac88-45db-8b1c-60b2431a1a34,abc560@contoso.com
6ab78abe-9de5-48cf-9b8a-66644b085d23,abc561@contoso.com
5b25f64f-d2c7-4a79-aa7e-8188f8cf1d32,abc562@contoso.com
8a08bbf2-65a5-4b06-8019-8f2121694296,abc563@contoso.com
16760ed1-765d-4c35-bcae-497024480b28,abc564@contoso.com
5961b340-6032-4824-b486-e7d5adcba2e0,abc565@contoso.com
a5ec8169-3987-47ca-9c97-c0599d0c4106,abc566@contoso.com
bd04bcb8-e245-4d6c-8476-0d3c39e323a7,abc567@contoso.com
1ff05e46-b7d5-4958-b561-ffaf330bc6af,abc568@contoso.com
664ce427-c274-4ebc-8863-58d06b83f04b,abc569@contoso.com
81127b81-4535-49a7-8cc3-db2cc9383a57,abc570@contoso.com
b60cbd68-38ea-4339-8465-64adfb76b0f1,abc571@contoso.com
0fc674c4-c42b-46ba-ae8c-b7324a21383e,abc572@contoso.com
319176c3-3a7e-48af-9d1f-9f6395f9c20f,abc573@contoso.com
22fe94b8-9c14-4714-be70-b8d1d930897b,abc574@contoso.com
0695e0e6-caa8-4c38-b1eb-5a81b67df354,abc575@contoso.com
10c0df72-5cc6-4562-9e11-c9a065fa778b,abc576@contoso.com
d871afdd-0433-4528-a6ae-5c6903f6db15,abc577@contoso.com
faa609f3-7fa3-4257-892b-b367b51a9ac9,abc578@contoso.com
9ef920cc-a23a-4f61-b793-5894253401c3,abc579@contoso.com
5a4be455-6181-497d-b633-815c4326ba72,abc580@contoso.com
ed0b71d3-4159-4021-9616-7b3db22270f4,abc581@contoso.com
f7df9a81-9741-43f7-87ee-1b868b9d7be7,abc582@contoso.com
40975847-e2a9-46b5-9177-21498b6a9aba,abc583@contoso.com
8da7a6fd-6113-4186-95e9-678d162fbcf3,abc584@contoso.com
53aba6ff-cd6a-489e-abac-0b42463c270e,abc585@contoso.com
1e663baa-bb0f-4698-b739-73c9cda45cb5,abc586@contoso.com
20de5f39-409c-47bd-9e35-7eb2784bd4e9,abc587@contoso.com
cf506c60-ec3e-42c8-8bae-987175e52eda,abc588@contoso.com
39c310dd-8e5e-48dc-85e4-90c91992cbdc,abc589@contoso.com
591ae7ba-2001-41e4-92d6-fe69e47ab2c4,abc590@contoso.com
33d9ff56-ce93-468a-8dfd-892988914f5c,abc591@contoso.com
00d9b0c4-68c7-4f79-86d0-53115f37c4ca,abc592@contoso.com
823d1081-0027-4823-869d-87a3fb6b0cf7,abc593@contoso.com
d852f57c-00f9-421b-99c3-cea8c8e75cf0,abc594@contoso.com
44059e72-ffdf-4c6f-be99-e29e3eaeed35,abc595@contoso.com
98272bc5-f182-4d1a-bd5e-35c5884eede1,abc596@contoso.com
11c5e9da-3b02-4cad-a327-17bc3ea1f460,abc597@contoso.com
08c1c7bb-c1a3-453b-8395-21d4a73f63f3,abc598@contoso.com
42590dab-7eb1-4e8a-9bec-3f2c24648b00,abc599@contoso.com
743ac2f1-4c26-4900-91a7-19f4e5b84c70,abc600@contoso.com
127f3f02-135d-4ac9-a268-2a0a78e6a4d5,abc601@contoso.com
ef25a2dc-8cfb-4c6b-91d2-412bc0cf6ba4,abc602@contoso.com
ec77b4df-c589-4d56-9ba8-c7c34c13588f,abc603@contoso.com
a664e59c-beea-49b7-8fc6-dde3fda9c04b,abc604@contoso.com
5d7e1278-d4ce-4880-ad79-07323340fb54,abc605@contoso.com
564b7430-8a2c-4160-b50b-a894f9ccc70c,abc606@contoso.com
fdb74a42-1fc2-4640-ba8b-bf6a9b5d0b92,abc607@contoso.com
76a6c453-f1d6-43dc-8bc6-a65f38293bbb,abc608@contoso.com
526aac13-5c34-4fed-a31b-b1d722718f9a,abc609@contoso.com
cba47944-8d40-4118-9f90-03085289024e,abc610@contoso.com
a7930319-bf44-4257-ae6e-b98928ca8fcf,abc611@contoso.com
8f6979c4-1379-41ab-ada4-b511373d40b3,abc612@contoso.com
b060b2f1-53eb-4355-a736-de9cf6278646,abc613@contoso.com
01074c22-3fe9-41a0-86db-033fcae997c5,abc614@contoso.com
214b7c55-1b26-43c6-ac94-7d37137af35b,abc615@contoso.com
901737d7-e50e-44ec-b00e-fb9efa20661e,abc616@contoso.com
a960e02a-484a-4786-b6bd-55b82e2d30b7,abc617@contoso.com
138eea9e-b7af-47d9-8665-9d03ed649c93,abc618@contoso.com
7c7df222-5f5f-48da-a576-20b4e37d191b,abc619@contoso.com
db7f1f59-d544-44de-b472-9bcb106ce708,abc620@contoso.com
1486aa91-edd3-4f88-ab64-db7de4674e9f,abc621@contoso.com
7da3946c-7838-4d91-8b3d-f6cd75e1ce05,abc622@contoso.com
e000801f-f047-45fc-ad4b-41ff92fc9c58,abc623@contoso.com
e49fb039-fdb2-4dd7-8981-4dbfd0233587,abc624@contoso.com
565334fb-9526-4143-8107-c4ae994ef0e8,abc625@contoso.com
a887aad8-ebdd-4790-a8ea-b297bda7213d,abc626@contoso.com
7c483840-01a8-4511-8db5-415c428bd7e8,abc627@contoso.com
0f88813b-9137-4bb9-b7ab-1f9063eca8f0,abc628@contoso.com
addd9cbe-9d1a-4ddc-8730-12fce6412f69,abc629@contoso.com
eb3f8375-ce42-4df6-bb23-0c0887918631,abc630@contoso.com
e57fc05a-2ca4-42f2-a4d6-df651f081edb,abc631@contoso.com
c317838a-d139-47b5-a27c-90fa5bd256c5,abc632@contoso.com
e7ab8d42-5197-49cd-8348-f5cb16df411e,abc633@contoso.com
4a3697ec-4035-407e-97e1-b9b6bd512d94,abc634@contoso.com
6108ddd5-f9f5-4694-8861-0bc7cc6f7038,abc635@contoso.com
f08f069b-81fd-43d0-95ec-da1fdcc6ee82,abc636@contoso.com
c792d8da-fd9e-4306-8033-d38b404bfbc6,abc637@contoso.com
eef94724-f3b3-4527-a6dc-3507abb44b26,abc638@contoso.com
4df8ef9a-0611-410e-b42b-264d30d8fe07,abc639@contoso.com
743d412c-12ff-4165-8a22-86fd331c9541,abc640@contoso.com
0a4fb0bf-facb-4047-8ec0-8715bed9a4c3,abc641@contoso.com
760d9e64-1ec3-488d-8425-fd5ca3412d6f,abc642@contoso.com
bc50cb68-ac4a-451d-a3ea-138969e08f47,abc643@contoso.com
e3d72e1e-299b-4e5d-82da-4561441e6b6d,abc644@contoso.com
0bda0969-6eac-45fd-a316-31c6b0a5e488,abc645@contoso.com
af721a47-f0f1-4693-8bf8-cb23f591ca44,abc646@contoso.com
aff64316-8d3e-48d2-be7b-5664d287de73,abc647@contoso.com
4f8a6b01-d8b0-4552-b6c9-47ad0dd91e42,abc648@contoso.com
c2f4267d-cd97-43da-a5c9-6842c90e3d58,abc649@contoso.com
a2830f7e-9e4c-4705-9ead-8b03893ef8ab,abc650@contoso.com
dfb300dc-b9e5-4747-b7e2-f15577b279d6,abc651@contoso.com
6d6443a9-1c9d-4efd-b5b4-6c35efe4ad4d,abc652@contoso.com
172de1fc-6152-46b6-99d4-2bd86781a7a0,abc653@contoso.com
72efbe61-dab9-4663-8f8c-8ba9679e8274,abc654@contoso.com
812169f3-15b7-4869-b36d-f413a455a47e,abc655@contoso.com
fddb1c89-6983-407e-ae2e-da19cd1c4ab2,abc656@contoso.com
2ba4c76c-c097-4793-9b60-ec8dde210d06,abc657@contoso.com
b31723cc-7ef9-4d88-bd49-cf373d2ef347,abc658@contoso.com
79fc57f9-494f-4608-b219-e2d765110d0f,abc659@contoso.com
6f46384d-87c8-429f-a2ae-94b6940618c3,abc660@contoso.com
c4d4e451-1f57-409e-a1cd-9c699b65d3fb,abc661@contoso.com
0448443f-42ee-4511-b458-31b12dadf2dc,abc662@contoso.com
31e38de6-ff10-4e23-a37d-e7d28a74df4b,abc663@contoso.com
e9e9fc8b-55a0-4931-bcb1-731ea58c5c59,abc664@contoso.com
a0af9025-07cf-4ea8-b731-3daa622bead6,abc665@contoso.com
c71cc0a4-4c51-4841-9902-606301f29ea6,abc666@contoso.com
e95049f5-e6ca-4038-b553-1445569632b0,abc667@contoso.com
0413694d-3755-4b28-bee2-7ecf2bfee88b,abc668@contoso.com
1332b1bc-7be4-4446-a550-52c554e6bb02,abc669@contoso.com
232f58e5-5f38-4cc5-84bd-bec5f188f696,abc670@contoso.com
92f3d2d6-d7e7-45b4-b161-4f4d91483cc8,abc671@contoso.com
d858788a-2e5d-400d-8669-5a89cde6085c,abc672@contoso.com
b7c11d66-1743-4e75-98b4-044d5fb8bba2,abc673@contoso.com
92243734-0a29-4701-9b76-cba73adc9743,abc674@contoso.com
9530f3d6-e982-4f99-bf83-b5387fa1dd7d,abc675@contoso.com
512876a8-b543-48c0-adbe-21a4819c4401,abc676@contoso.com
dc92ba58-4a0b-4ae6-8280-f41d140c54a4,abc677@contoso.com
21013613-9251-4f46-b9ba-0cf9fabb6553,abc678@contoso.com
bf0aae78-f775-46e5-a075-1cc84658011f,abc679@contoso.com
4dd33f0a-f0c1-4045-88c6-47226f313ed6,abc680@contoso.com
d9735254-d725-4710-926c-a9dc3f687e41,abc681@contoso.com
562c9cf5-4810-48b5-81c8-1777833d8cf6,abc682@contoso.com
120e032d-e120-4375-a188-64cd2d50ded8,abc683@contoso.com
2ed2584d-02e9-4f09-bfb7-d004d8d219e8,abc684@contoso.com
6f3ede8e-01db-4079-83e4-4e00f39dbc44,abc685@contoso.com
14210864-83e1-4961-ae87-fadc4f1d0e9d,abc686@contoso.com
4620383f-6e96-462c-b318-6f2318748045,abc687@contoso.com
f4f345cb-0540-447c-a260-6baab3b67d84,abc688@contoso.com
8c4115f7-1b33-4137-adc8-c3f54a50fa0f,abc689@contoso.com
b368234f-5ea4-478e-8bab-0a2d77cd04dd,abc690@contoso.com
88525ed8-6e5f-40bb-bd51-148abe822914,abc691@contoso.com
cf053ab4-2619-4649-9ca5-94a012e35d81,abc692@contoso.com
af340a66-611e-4f48-9695-a25ae276167e,abc693@contoso.com
e01c57b8-8957-46ca-9275-d1e97515199a,abc694@contoso.com
5b9f5fe9-f07e-4461-823d-126af1e3c64f,abc695@contoso.com
bfe08755-5bfa-4493-9c82-b4f09174c8c6,abc696@contoso.com
825b80bf-c489-4d80-b367-1ff2a822990a,abc697@contoso.com
d3e561db-4710-417a-8011-b7e141d80b5a,abc698@contoso.com
4c011d91-0af0-4807-aa65-174244017503,abc699@contoso.com
2c7d81af-2e82-41f2-b51d-b945900ac6cf,abc700@contoso.com
51238e83-01be-47f0-8099-1c90dfd93395,abc701@contoso.com
309412c4-bf79-48bf-a678-dc793adc9e78,abc702@contoso.com
d3e05619-63f7-43cc-9019-8f7c435b5317,abc703@contoso.com
7a36b657-fb8d-4123-89bd-b03055a52fa2,abc704@contoso.com
14ec9df8-60ce-4761-89d1-f0625f5b1cd5,abc705@contoso.com
8561a8d2-cf2a-40ce-a2bf-52a78ff0556c,abc706@contoso.com
19dd8854-9b82-4b55-ba13-71fb792152ea,abc707@contoso.com
83386b6a-2412-4438-acc5-c3512f58bc96,abc708@contoso.com
aee2b126-7a1d-4e2d-b818-a3aa1e105a0d,abc709@contoso.com
8a08adb6-e297-4340-8978-4883a130dbf6,abc710@contoso.com
ab81e703-7623-4cfb-98fb-1381a7d70e3f,abc711@contoso.com
c4c44df4-c173-4492-92f4-49e711acf201,abc712@contoso.com
cb57329b-90ee-4fc3-9817-3a45d3f0fd7e,abc713@contoso.com
d519b4de-986e-434a-bfb0-63f8ea240228,abc714@contoso.com
cd3c2fc0-c403-4c0c-b1bb-c4f8829fcf92,abc715@contoso.com
dae177f1-f3a0-41a6-9ced-b5fdcd7ef248,abc716@contoso.com
a191b038-8666-44e6-a5ca-55a5f8342ff8,abc717@contoso.com
1d42a727-4b47-4fc3-b8f8-c591332a2028,abc718@contoso.com
70c15d64-a557-432d-8b9a-1e128f0c7989,abc719@contoso.com
3b4162fd-3927-4e09-b16f-e67677ec13d3,abc720@contoso.com
6f24e13a-958f-4cc6-b158-24f0331669fd,abc721@contoso.com
47afa210-667b-4016-b8ba-7f5b65b719a7,abc722@contoso.com
b840b5ac-1450-4ab9-aa1f-82e52405add7,abc723@contoso.com
ab35f57b-5b72-4157-b0fd-4ef1a84ee3fd,abc724@contoso.com
d3359608-e112-42ae-9455-c1799cf71752,abc725@contoso.com
319889cd-465a-4e8c-bb49-6752a5dac980,abc726@contoso.com
df1f7c03-c818-48f2-bdaf-536f20d4920b,abc727@contoso.com
e071891c-fe66-441a-bb24-2f1045fe05da,abc728@contoso.com
568f4159-218c-4fd4-907d-5153a4fc1f37,abc729@contoso.com
a1be8bca-b97e-4507-a5da-2800f9ada21b,abc730@contoso.com
4818da5a-0c7f-4a10-a6d7-f6f1761845e9,abc731@contoso.com
39a06e4f-8517-4438-b4ec-31be1c5a14d8,abc732@contoso.com
fbb16325-48e2-45fd-a150-42f2dd74eec3,abc733@contoso.com
ca52d716-5c75-4aca-8213-3c52a09daf1d,abc734@contoso.com
ce83388b-26ac-4409-ad13-01dde239514b,abc735@contoso.com
dbcfae73-3839-42d3-9f03-7608fcb87004,abc736@contoso.com
cf622fb2-dd03-4c9a-b8b4-4a6897d53b69,abc737@contoso.com
f4116884-68e4-45d4-8459-4b4c7a87c38c,abc738@contoso.com
6652a864-e3ce-4217-9acc-076cf3879535,abc739@contoso.com
dbf90f0a-fe9f-43f6-82a3-4ca9be84ef25,abc740@contoso.com
41c42332-9d67-4d29-a394-e386be1cda86,abc741@contoso.com
fa75be66-e054-4ec2-82bd-5bcad9ba37b3,abc742@contoso.com
1fb09652-bb89-4ce6-ae5b-724aa7119e16,abc743@contoso.com
3b435dac-9e61-400c-af84-9476230a79e9,abc744@contoso.com
bcd8db82-e08b-4328-bf10-233826b7d34a,abc745@contoso.com
e030bd46-5295-48a8-9a86-2e2cc55b4adc,abc746@contoso.com
bcb5280d-3ae0-439a-a809-259707048545,abc747@contoso.com
afe83b4c-8bc8-4663-966f-651042441170,abc748@contoso.com
ba666298-4cf4-4e07-bd21-d10fbef77d07,abc749@contoso.com
87979dc6-cd37-4a1a-bba8-6c647cc7bff9,abc750@contoso.com
c90ee2b9-145e-4acf-9561-6144843d430d,abc751@contoso.com
d156a9c2-462f-43b3-920e-93ba0f269df4,abc752@contoso.com
2450597b-560a-4740-8752-3eb833e50c74,abc753@contoso.com
83fc4d83-24fd-4bae-88ad-264d9afccf98,abc754@contoso.com
194ea695-e8f7-4ab8-8ead-72d189bd959e,abc755@contoso.com
66de8b8b-2192-459c-9c3b-ecc8d2e9e41b,abc756@contoso.com
72d3b961-50f0-449f-be42-bba3802b54f3,abc757@contoso.com
9e23229e-2b51-481d-8605-52ede50210c8,abc758@contoso.com
d069dc1d-46c7-4327-a83d-d2da60f5479e,abc759@contoso.com
dd9040eb-4683-451e-91f3-5a050a189a3f,abc760@contoso.com
3b5c2810-1c89-4fd7-9a78-69d2428c6a0e,abc761@contoso.com
f4189873-8908-47bd-82bd-cd6e03322f78,abc762@contoso.com
f814ad1d-f803-4aa5-91cb-a2dcdcc2963f,abc763@contoso.com
a3c54105-0a88-490f-ad94-111041a6a3b6,abc764@contoso.com
e56351a2-9950-40f7-9043-bff49247c6f0,abc765@contoso.com
d26489c4-6a51-421a-86eb-a0ff8b00968d,abc766@contoso.com
b1f63ec7-9009-4086-8299-aa1c5d098689,abc767@contoso.com
ec60fef9-26a3-4f03-a9db-9fce324e1d46,abc768@contoso.com
6f31d181-6ed4-4302-8e85-bcf9863ff81f,abc769@contoso.com
050aa556-0761-48d8-9e8c-353ef3855baa,abc770@contoso.com
2a35a854-3f05-41ad-882a-d2fb8336fda5,abc771@contoso.com
fbebe2c8-d891-47ba-aaae-263e1026eeab,abc772@contoso.com
b27fde09-15a1-4fdd-8a09-f52dfcc5280a,abc773@contoso.com
231b7aad-c267-4e0e-916b-9fb36a143118,abc774@contoso.com
30d666e2-f2ef-4188-ac52-6a1e86015844,abc775@contoso.com
4a84353c-ccef-4030-a786-8a0d1ea3acf4,abc776@contoso.com
b53d92ca-64ca-4b45-86ff-0cd38fb1458c,abc777@contoso.com
cfac1627-afd0-4d2a-b051-7adfb4b79bb8,abc778@contoso.com
c387d5ca-0226-4019-bb52-3bd5b4846d68,abc779@contoso.com
a6edb266-a677-4dbd-aaca-fa0e4f701154,abc780@contoso.com
4a0bb968-5d7d-460d-baba-37a5f9aa27a9,abc781@contoso.com
f9e458db-0f6b-4100-98ad-53c58927b214,abc782@contoso.com
b14399d3-bc5b-45aa-bb3c-12e0253dfbe3,abc783@contoso.com
a7966d8b-3fa7-4600-9ef7-ed801ce8d84a,abc784@contoso.com
fa049d1b-bcf9-431f-9a37-e757aa64f513,abc785@contoso.com
56d84e2e-28a6-4a31-b105-e7bb2ee7e504,abc786@contoso.com
52d493ed-2dea-4b33-b71b-51325a5515b0,abc787@contoso.com
7bf622ee-e7e1-4064-95f8-56098252128b,abc788@contoso.com
bad1cb29-be8b-40a8-b477-07f21f0d8a8e,abc789@contoso.com
9c2e1c33-4534-4a8c-900c-e478742be6e9,abc790@contoso.com
9a30941d-3da7-4f1c-a3de-eb5d1ab73230,abc791@contoso.com
55211fdc-b8f3-49a0-a697-c98e7784def9,abc792@contoso.com
bb246948-2a53-4adb-838e-781d0d3f00d7,abc793@contoso.com
929e5cee-a68c-48c1-9f10-c1c4d18551fb,abc794@contoso.com
ef85fd3e-781a-4550-a8d5-4aa48d0e6a71,abc795@contoso.com
b052863c-1729-4528-aeac-84d44c11163c,abc796@contoso.com
08e1399f-b9b1-4fd2-a2d7-84dd147380b3,abc797@contoso.com
343f85c9-0e9e-4da6-ad81-091de95a72c9,abc798@contoso.com
b3ec7133-e5db-4cf2-8858-6acd7c4f428b,abc799@contoso.com
9a253391-f04b-46ec-8f7c-abfba6a585e1,abc800@contoso.com
004a20f2-155c-484d-a70a-c46c98f7c238,abc801@contoso.com
7422818b-8972-4457-b690-9df2c67585de,abc802@contoso.com
c1331cdc-606a-43d5-8739-6cbc6c904597,abc803@contoso.com
24edeb90-a4a6-44ae-b9dc-3b7f864e2af8,abc804@contoso.com
4d05d795-0621-40dd-9ec4-ff16cddf86cc,abc805@contoso.com
369b2c58-1a70-405b-92f5-4d8bab291479,abc806@contoso.com
d1050600-aa18-481c-a119-82601ac1b2e0,abc807@contoso.com
8b6e4d07-64cd-4573-8b99-5d98213a0a92,abc808@contoso.com
7ff62a0a-33cc-4c62-b5f5-f98113c63ab6,abc809@contoso.com
322fbb9b-269f-4d36-82f2-b7e81abeb9e1,abc810@contoso.com
41fff395-cc10-4c84-9b57-45eb74c9e38a,abc811@contoso.com
e89b7409-99cb-4c2d-a9fd-bf72a1777714,abc812@contoso.com
132109e1-f369-4233-9dd5-7fd4c215c7ef,abc813@contoso.com
309ac21d-b42b-467a-8149-f1ba68a836c7,abc814@contoso.com
09517131-1894-47bb-9929-cd651a2b87bf,abc815@contoso.com
0e85d8a5-3321-4eb2-9ea2-6eda7d1ca4c1,abc816@contoso.com
2bc167af-dbbd-4a22-9b4d-bd56be57dcc1,abc817@contoso.com
285de757-03e9-48ae-bb39-0f9c45a8d0e7,abc818@contoso.com
9f324ec0-6828-4564-bf20-7d52197d0e82,abc819@contoso.com
f7d56964-c951-4844-aabd-b7ae24ab7244,abc820@contoso.com
bcb932c6-f84a-4448-baff-96f08168885f,abc821@contoso.com
14d36e60-bdf6-4e62-a97b-a06048f298b7,abc822@contoso.com
1e38f6e7-6ddd-49c5-8c76-71b924845cab,abc823@contoso.com
c297d0e5-650c-4d9a-98fd-25578527b3a0,abc824@contoso.com
975746fd-7f5e-4d8d-8b1d-65298b07f2db,abc825@contoso.com
c1de70e8-12cc-47c2-9f1e-5d734954c511,abc826@contoso.com
6a1a7556-b47b-4a4a-9ec9-12462a71f508,abc827@contoso.com
3ac865cc-c65a-4df1-8e4b-5f26d1559554,abc828@contoso.com
c8b1fa83-361d-4a95-bc5d-60e60e653a34,abc829@contoso.com
023915d3-814e-44d9-b9c2-3eb51f33512a,abc830@contoso.com
e26be443-acb2-4446-a622-5350f0e6c688,abc831@contoso.com
0be5fde4-afd3-4805-b683-036fc073f3f0,abc832@contoso.com
3a1b95f9-e059-40db-b375-fc0c9537b36d,abc833@contoso.com
a7d0801f-4e7a-4a42-b58b-f6c8d7c747ae,abc834@contoso.com
fa9717ce-2b78-4c5a-82dc-f97d40265fd3,abc835@contoso.com
59f0eccc-0d20-4dbd-93e1-5c5f858ba96a,abc836@contoso.com
cb969789-4b94-4288-b2eb-22b991d45505,abc837@contoso.com
940a7d79-8f28-4dec-97c1-0c9102a5f589,abc838@contoso.com
9438ce10-8f04-48e3-a5f8-d61948c02b93,abc839@contoso.com
6125b014-092f-4c4c-994b-3372e5899ac5,abc840@contoso.com
16d1546f-4049-4048-a5e6-f7183ebec100,abc841@contoso.com
2b6ffaf0-1f6a-4c15-b6b2-4794b7696c30,abc842@contoso.com
b41ee4a2-cdd9-48a9-a869-16bbecf11b74,abc843@contoso.com
7b50dedb-c3d3-496d-9a1f-9403a376999d,abc844@contoso.com
46a56ae8-4a4c-46b5-adbe-c445e6431d34,abc845@contoso.com
ae9c9c33-d26d-4d69-8dae-ae3a424a793f,abc846@contoso.com
3d60ea0f-f770-4ce6-8848-e68df2ffaa3c,abc847@contoso.com
d9f89a01-489b-4e9e-8dc4-58c39d9b3c42,abc848@contoso.com
73fc30b6-093b-4ed7-b0c0-346566c4d4d2,abc849@contoso.com
7ba5fc1c-eff1-4e7c-a94c-d1e580c20956,abc850@contoso.com
037ef99d-3cea-4083-80b4-5e20e5f50887,abc851@contoso.com
a960d31b-1719-40cd-b6d0-e592f968e251,abc852@contoso.com
877281b7-45ea-4693-9ff0-99c2b545b9e8,abc853@contoso.com
dccdbe1a-f196-4837-bade-5c8a48669b39,abc854@contoso.com
c03738f9-5b91-4b04-92c8-5acb394f8054,abc855@contoso.com
6371f119-5be1-43cf-9e46-2c2579f689c5,abc856@contoso.com
5cb237c9-f491-4722-9952-308faa3054da,abc857@contoso.com
1dedd71d-9b86-4de3-9194-e4ae28445c35,abc858@contoso.com
6a7ec8ee-6d98-445f-b109-46fd520eae99,abc859@contoso.com
338022e2-e936-421d-82c1-4407b49a5aaf,abc860@contoso.com
6cf655ab-6519-4bd4-9a91-13a6fe0546ed,abc861@contoso.com
738bef9e-629d-4a3e-ac56-43a3ad1e1973,abc862@contoso.com
39be9a20-707b-4688-92a8-7e846ec8fe87,abc863@contoso.com
45a30fd7-e4c9-4a05-a943-d028a1d126f1,abc864@contoso.com
ef5285b0-fa9f-41bb-84a7-9672fbd52612,abc865@contoso.com
e6074d30-ab6f-4d0a-ba50-74a529e4e9e8,abc866@contoso.com
76f098aa-0582-46c8-8495-967c65db3c97,abc867@contoso.com
eeb2db31-8dc6-42eb-8bcf-5f990efe9956,abc868@contoso.com
2e8b34b8-66e1-4d3b-bbe4-7ccd73d26222,abc869@contoso.com
a3637283-94cc-4e20-a868-bcef1d99d057,abc870@contoso.com
b2684447-7506-417a-abc4-8eccd1794962,abc871@contoso.com
c3c34570-ac6e-4584-bdb8-7ca158d3228d,abc872@contoso.com
36f57a40-7b2b-4721-8c9b-200f344dafb2,abc873@contoso.com
3f401ac2-6ff5-47a3-97aa-5422f034d5a3,abc874@contoso.com
6217dcfb-fbc8-4271-a768-5615ac1382a8,abc875@contoso.com
1ca442bf-a69f-4461-a096-dcc4ae5c0a2e,abc876@contoso.com
01802917-fea3-4219-be0f-c7521844028d,abc877@contoso.com
c710f408-1e74-44c3-b5ed-dac2768111b0,abc878@contoso.com
5373b1e0-4621-42bf-a903-18413c24984c,abc879@contoso.com
3dec9674-e354-40e7-a981-6fbc34f25349,abc880@contoso.com
6fba939a-8423-44b5-81c6-9815052595e0,abc881@contoso.com
918a0851-1c92-4172-8cd5-f59eee0eea68,abc882@contoso.com
2e1af583-8c95-4dfb-afd0-07d4478bebcc,abc883@contoso.com
4c39133e-2daa-4302-b27b-a84c8942e702,abc884@contoso.com
c2fd5b22-f35a-46d5-b7b9-f17331b38db1,abc885@contoso.com
741ab4a1-e9c7-4a26-bc4b-ec1460ad1744,abc886@contoso.com
700eb70d-73e8-40f6-b145-409d45e26f41,abc887@contoso.com
1aa6172e-6595-4e9f-bf68-97618fb4ae41,abc888@contoso.com
885347fd-7af1-4993-b29a-8d9c850f685c,abc889@contoso.com
8be96c4d-3ec4-49d9-84b4-347aec0fdee1,abc890@contoso.com
88d4d653-2b0d-4561-85bd-3b0055092359,abc891@contoso.com
fb19300b-08e3-4d87-871e-5a02fefd3ddf,abc892@contoso.com
0e85b00d-e1af-4754-ad0d-533c710c187e,abc893@contoso.com
ae814b53-e689-470c-8d04-7bf70b7560c5,abc894@contoso.com
0b93c00d-b8b8-48fe-ac94-e44b53a3409f,abc895@contoso.com
cd212007-816b-416c-9285-17e5157621a5,abc896@contoso.com
5ecf3c03-3305-4950-803c-6f295be9cf4c,abc897@contoso.com
ebd39243-0a12-4cad-a8cc-ece3c6f96ace,abc898@contoso.com
277a370c-efdc-4433-aa69-3a140de18c43,abc899@contoso.com
f7fcbca9-7885-4a05-bd42-dec9ccebe064,abc900@contoso.com
49170d12-f837-4511-9c25-95d43bd6f3fa,abc901@contoso.com
30491399-78cf-42b8-a0f7-57d171ee10c4,abc902@contoso.com
ec54548a-070b-453d-a6ad-3871cf82ae1a,abc903@contoso.com
bbeca450-9cb1-4b04-9a7f-78dbaf14f592,abc904@contoso.com
00c3b972-00a1-4ce5-bc99-b79a5eaeb1be,abc905@contoso.com
15a7531e-871e-42fe-910d-8ffbba44d5aa,abc906@contoso.com
7f693780-5644-4ee2-b0ec-7a7e552fcd6d,abc907@contoso.com
45ab344b-fe9d-4c2c-b6f8-4921315817f8,abc908@contoso.com
11abac46-38ea-418c-baaf-2d3def8672f4,abc909@contoso.com
4e75d9f4-4446-4fd5-8cea-084e84b85786,abc910@contoso.com
c037aa56-4a7f-406a-9a4b-24523db22618,abc911@contoso.com
1ab004f4-e560-4ee8-9c5e-34ffcddc7b9e,abc912@contoso.com
3af65f7c-522c-4cbd-8dd3-f3d86b3b3f19,abc913@contoso.com
f1229ab0-2abd-48bc-be00-3053dd87c26f,abc914@contoso.com
24514907-3e7d-4028-b9d5-9cb158796b6d,abc915@contoso.com
b12f95e2-9902-4a63-8e2a-d7d0a348db22,abc916@contoso.com
17f48467-49af-43b4-a687-cefef0a1a97f,abc917@contoso.com
07e5aec4-41a8-43ec-b8b7-0709ab33725a,abc918@contoso.com
39d820d3-22d7-4cc3-8029-f57e23f8d4e9,abc919@contoso.com
2f5a55d0-5fdb-4909-b45f-162f6e123cae,abc920@contoso.com
931361d8-29de-4ae9-9df7-26bc8c2611aa,abc921@contoso.com
07a9e44f-4253-4357-bbfd-4259cc623609,abc922@contoso.com
7f6541e8-6377-4cdb-9d5c-a7f257516989,abc923@contoso.com
3df91715-b270-4cb3-84fc-ce0463c8dc88,abc924@contoso.com
f8f67efe-dabe-437b-bfe2-f4bad09a37a0,abc925@contoso.com
a4e55294-043d-44cb-962c-561002fc6ef6,abc926@contoso.com
9a58a086-c040-43b9-929d-27ae79be6017,abc927@contoso.com
48e22144-8946-40bf-b29a-5d05eb3a9f16,abc928@contoso.com
227da1bc-6207-4c28-93f2-2979ef8fa694,abc929@contoso.com
bd39edd0-56dd-4d14-a806-7f9d8b6a83b9,abc930@contoso.com
b01dea3c-42f3-4059-8576-877ffe68247e,abc931@contoso.com
1c6e0000-144c-405d-b27f-cb893a6e064c,abc932@contoso.com
1cd381de-076e-46e4-a1be-afca6fff120a,abc933@contoso.com
6971fe18-0db6-47b1-9b5b-5c7ed60d386f,abc934@contoso.com
bdbfe1d7-4472-4ded-a8fa-f96417faf7a2,abc935@contoso.com
94c0a389-ec25-4e49-99f2-7f0ab992cf29,abc936@contoso.com
e4104cff-ac21-4afb-8ec9-f3e0a9b953be,abc937@contoso.com
2cc7e5f5-5d53-488d-b357-8af771c97ff8,abc938@contoso.com
39c532b2-5712-44d6-b224-faa677e2eeff,abc939@contoso.com
3090ab04-d751-480c-9522-3726b973acbc,abc940@contoso.com
52c09a55-1d2f-4403-8403-4bf3014257f2,abc941@contoso.com
02419c69-b333-4442-bfed-b628f0801ebc,abc942@contoso.com
2f25db36-375e-4b6b-b9c2-7ac6a21b810d,abc943@contoso.com
672290d7-335a-40a2-80cb-4b19613cbca3,abc944@contoso.com
482d2979-cc12-4eb0-b0b2-af3cf5a2a406,abc945@contoso.com
91dcb323-d0a6-4367-9a4f-f446569a7cb6,abc946@contoso.com
5fb57dfa-fda8-4655-bc60-782f5a576eb1,abc947@contoso.com
44c538d4-977d-42af-9338-d966d168dfdc,abc948@contoso.com
09359d2d-3b78-4372-ab16-923547994222,abc949@contoso.com
366cc3b0-625c-499e-ac8d-e7efc39287d8,abc950@contoso.com
4b4f89b4-f2f2-4d97-812f-a1f1b4bafe8d,abc951@contoso.com
c04420ef-4023-4715-a88d-24044ee18b45,abc952@contoso.com
ca442e9c-ad10-4424-b849-5859a66e3769,abc953@contoso.com
0d8edb2d-5462-4447-bb96-d6bec242b5cb,abc954@contoso.com
62315798-d054-4d41-99ac-86eb5b0f9dc1,abc955@contoso.com
4f1610ec-b675-4279-81bf-3b3716bfb4fd,abc956@contoso.com
571bb5d0-ac01-4578-a1d7-847e6e231263,abc957@contoso.com
b1ae398d-f69a-42d9-bf4a-792ca2c067af,abc958@contoso.com
a31f52ff-cfc2-4225-bba9-b7f150317e01,abc959@contoso.com
2fd66ca7-86ff-4b56-9de2-8d731053002c,abc960@contoso.com
1d645107-3719-408b-bd97-06aefd01b4c4,abc961@contoso.com
65528855-ba36-483a-bd63-94feb086429c,abc962@contoso.com
111192cc-d9b2-4210-94ab-925aa59a1990,abc963@contoso.com
e5c2af52-3154-4138-9e1d-9b535f0641fd,abc964@contoso.com
873b5dce-375b-4de8-a925-e5573d85b736,abc965@contoso.com
e48e1bc5-c7df-4913-a9a0-4e23519f157b,abc966@contoso.com
87f31daf-769b-4d62-b3d1-19b4a4ab72f9,abc967@contoso.com
9d85954e-40d4-4387-9378-5b15f57b76c7,abc968@contoso.com
78112988-e960-4aca-8eab-48b6824da84c,abc969@contoso.com
4cc4b99b-3a46-4301-9372-0f327a4a651d,abc970@contoso.com
a74e9894-43c7-4f19-901e-cd27d396996f,abc971@contoso.com
595be5e3-9d89-4dae-a75c-ca0e1c1f0848,abc972@contoso.com
9c75abd0-5c0a-4161-9bfc-9d68e7ccbd57,abc973@contoso.com
151c68a7-9970-4484-9287-153217d425c8,abc974@contoso.com
988be863-3f2f-4412-8d9b-c2efc6e387ed,abc975@contoso.com
77ab4789-cd70-4333-8fe5-3e1071ceb8cf,abc976@contoso.com
4d202330-802f-4077-a64f-0328dbba65b9,abc977@contoso.com
74b7fd47-3741-4d63-89e9-ef740b7a9e1b,abc978@contoso.com
8c574d67-eab6-4d7a-b6c9-9a63b5b7dc95,abc979@contoso.com
a2fd59cb-8b01-4431-bfcf-e0f74f758e78,abc980@contoso.com
406589c3-f021-4328-97aa-ab115f2e5c14,abc981@contoso.com
09f66874-b0c6-41e8-af9f-ace62ee56a2e,abc982@contoso.com
bd253f7f-7e55-426e-b021-25403a92241f,abc983@contoso.com
e0dac46e-4009-4f73-8601-6645d0540407,abc984@contoso.com
3baa4e04-3218-44c1-821d-972799d3ef67,abc985@contoso.com
4ce752ab-0089-485f-81dc-826f106d7748,abc986@contoso.com
12f25795-7313-49e6-951d-825ab25b7072,abc987@contoso.com
8d912ccb-54a4-4247-b571-8e4d2454e7de,abc988@contoso.com
82a331d9-d905-4e26-83aa-c30410c61c7b,abc989@contoso.com
04d68931-f07e-4b9c-8728-213734560ec3,abc990@contoso.com
13ae0e19-31e0-4b95-8792-2ef659a025a5,abc991@contoso.com
cc33af67-ac42-400b-946a-e01619b78493,abc992@contoso.com
e0f60ad3-2730-4891-8892-227acb548b1a,abc993@contoso.com
2dd1406b-2b22-4460-b278-15f56322c926,abc994@contoso.com
bae1acbc-16c5-47c9-a138-b1849e01bb53,abc995@contoso.com
768c55c8-4de9-4f89-915f-bf9a92aa42d3,abc996@contoso.com
ac422381-66ee-43ef-8c52-16db8ad075a0,abc997@contoso.com
f24745a1-91ec-4088-9451-572c1acb2845,abc998@contoso.com
7df24f2b-043b-45ef-a241-d3decc595645,abc999@contoso.com
d8a372f3-084d-4544-80cb-2608d75ca638,abc1000@contoso.com
